Type,Name,Request Count,Failure Count,Median Response Time,Average Response Time,Min Response Time,Max Response Time,Average Content Size,Requests/s,Failures/s,50%,66%,75%,80%,90%,95%,98%,99%,99.9%,99.99%,100%
GET,/api/v1/ninos,16,0,18,21.459931249410147,12.858500005677342,33.27109999372624,5403.0,0.2697360834735692,0.0,20,22,30,30,32,33,33,33,33,33,33
GET,/api/v1/ninos/{dni},199,0,5,5.8910422101406255,3.572699992218986,25.012799975229427,1182.4522613065326,3.354842538202517,0.0,5,5,5,6,11,17,18,24,25,25,25
GET,/api/v1/ninos?clasificacion,153,0,6,7.729210458837413,4.233799991197884,34.1449000115972,1784.8039215686274,2.5793512982160056,0.0,6,7,8,9,14,18,19,20,34,34,34
GET,/api/v1/reportes/registros,71,0,5,7.122681690970252,3.6899000115226954,44.46569998981431,449.2535211267606,1.1969538704139633,0.0,5,6,7,7,13,20,22,44,44,44,44
GET,/ninos [web],228,0,7,8.538762718927229,5.194900004426017,35.75720000662841,11885.38596491228,3.8437391894983612,0.0,7,8,9,9,14,19,21,21,36,36,36
GET,/ninos/{dni} [web],199,0,5,5.429258795300658,3.6231999984011054,21.460300020407885,4196.989949748744,3.354842538202517,0.0,5,5,5,6,8,12,14,20,21,21,21
POST,POST /api/v1/ninos,94,0,8,9.991865955909931,6.235800014110282,27.38750001299195,772.0425531914893,1.5846994904072191,0.0,8,9,10,12,19,20,21,27,27,27,27
POST,POST /api/v1/ninos/{dni}/dosajes,62,0,8,9.552724194720447,6.10709999455139,30.452500010142103,335.98387096774195,1.0452273234600806,0.0,8,9,9,9,15,21,30,30,30,30,30
,Aggregated,1022,0,6,7.595617025614481,3.572699992218986,44.46569998981431,4173.385518590998,17.229392331874234,0.0,6,7,8,9,14,18,21,27,36,44,44
